{
  "scenarios": {
    "baseline": {
      "final_populations": {
        "zebra": 8306.965191376288,
        "lion": 210.33374037510347,
        "elephant": 1647.2934711610596,
        "black_rhino": 907.318378703028
      },
      "cumulative_deaths": {
        "zebra": 2707.4390360406987,
        "lion": 508.65372077016866,
        "elephant": 1439.469134891963,
        "black_rhino": 1249.657041065142
      },
      "deaths_by_threat": {
        "wildfire": 3297.5965721733323,
        "poaching": 1417.2649845057024,
        "tourism": 1190.35737608894
      },
      "min_populations": {
        "zebra": 8261.440341515585,
        "lion": 210.33374037510347,
        "elephant": 1647.2934711610596,
        "black_rhino": 907.318378703028
      }
    },
    "optimized": {
      "final_populations": {
        "zebra": 9211.37611820982,
        "lion": 399.5352456264763,
        "elephant": 2312.89555992428,
        "black_rhino": 1512.0701397681325
      },
      "cumulative_deaths": {
        "zebra": 1977.955606047733,
        "lion": 317.2904656088905,
        "elephant": 855.2383144399872,
        "black_rhino": 795.1372973011423
      },
      "deaths_by_threat": {
        "wildfire": 2237.5719087940306,
        "poaching": 403.91207307234197,
        "tourism": 1304.137701531382
      },
      "min_populations": {
        "zebra": 9177.195036350267,
        "lion": 398.73093225858736,
        "elephant": 2303.337285931651,
        "black_rhino": 1438.5371221591943
      }
    }
  },
  "improvement": {
    "population_change_pct": {
      "zebra": 10.887380722052725,
      "lion": 89.95299798974526,
      "elephant": 40.405798991850844,
      "black_rhino": 66.65265195328357
    },
    "deaths_averted": {
      "zebra": 729.4834299929657,
      "lion": 191.36325516127818,
      "elephant": 584.2308204519758,
      "black_rhino": 454.5197437639997
    },
    "deaths_averted_pct": {
      "zebra": 26.943669655430053,
      "lion": 37.62151879505158,
      "elephant": 40.58654724096076,
      "black_rhino": 36.37155866193424
    }
  },
  "optimization_linkage": {
    "u_opt": 0.6679920477137177,
    "lambda_opt": 4.645880532463715,
    "beta_reduction": 0.05
  }
}